<?xml version="1.0" encoding="UTF-8"?>
<inspections version="1.0" is_locked="false">
  <option name="myName" value="Project Default" />
  <option name="myLocal" value="false" />
  <inspection_tool class="AntMissingPropertiesFileInspection" enabled="false" level="ERROR" enabled_by_default="false" />
  <inspection_tool class="AutoBoxing" enabled="true" level="WARNING" enabled_by_default="true">
    <option name="ignoreAddedToCollection" value="false" />
  </inspection_tool>
  <inspection_tool class="AutoUnboxing" enabled="true" level="WARNING" enabled_by_default="true" />
  <inspection_tool class="BadOddness" enabled="true" level="WARNING" enabled_by_default="true" />
  <inspection_tool class="BigDecimalEquals" enabled="true" level="WARNING" enabled_by_default="true" />
  <inspection_tool class="BooleanConstructor" enabled="false" level="WARNING" enabled_by_default="false" />
  <inspection_tool class="CanBeFinal" enabled="false" level="WARNING" enabled_by_default="false">
    <option name="REPORT_CLASSES" value="false" />
    <option name="REPORT_METHODS" value="false" />
    <option name="REPORT_FIELDS" value="true" />
  </inspection_tool>
  <inspection_tool class="CheckImageSize" enabled="false" level="WARNING" enabled_by_default="false" />
  <inspection_tool class="ClassInitializer" enabled="true" level="WARNING" enabled_by_default="true" />
  <inspection_tool class="CloneCallsSuperClone" enabled="false" level="WARNING" enabled_by_default="false" />
  <inspection_tool class="CloneDeclaresCloneNotSupported" enabled="false" level="WARNING" enabled_by_default="false" />
  <inspection_tool class="CollectionContainsUrl" enabled="true" level="WARNING" enabled_by_default="true" />
  <inspection_tool class="ComparatorNotSerializable" enabled="true" level="WARNING" enabled_by_default="true" />
  <inspection_tool class="CompareToUsesNonFinalVariable" enabled="true" level="WARNING" enabled_by_default="true" />
  <inspection_tool class="ComponentNotRegistered" enabled="false" level="WARNING" enabled_by_default="false">
    <option name="CHECK_ACTIONS" value="true" />
    <option name="IGNORE_NON_PUBLIC" value="true" />
  </inspection_tool>
  <inspection_tool class="ConfusingMainMethod" enabled="true" level="WARNING" enabled_by_default="true" />
  <inspection_tool class="ConstantConditionalExpression" enabled="false" level="WARNING" enabled_by_default="false" />
  <inspection_tool class="ConstantConditions" enabled="false" level="WARNING" enabled_by_default="false">
    <option name="SUGGEST_NULLABLE_ANNOTATIONS" value="false" />
    <option name="DONT_REPORT_TRUE_ASSERT_STATEMENTS" value="false" />
  </inspection_tool>
  <inspection_tool class="ConstantIfStatement" enabled="false" level="WARNING" enabled_by_default="false" />
  <inspection_tool class="ConstantMathCall" enabled="true" level="WARNING" enabled_by_default="true" />
  <inspection_tool class="CssNoGenericFontName" enabled="false" level="WARNING" enabled_by_default="false" />
  <inspection_tool class="CssOverwrittenProperties" enabled="false" level="WARNING" enabled_by_default="false" />
  <inspection_tool class="DivideByZero" enabled="true" level="WARNING" enabled_by_default="true" />
  <inspection_tool class="DoubleCheckedLocking" enabled="true" level="WARNING" enabled_by_default="true">
    <option name="ignoreOnVolatileVariables" value="true" />
  </inspection_tool>
  <inspection_tool class="DoubleLiteralMayBeFloatLiteral" enabled="true" level="WARNING" enabled_by_default="true" />
  <inspection_tool class="EmptyCatchBlock" enabled="false" level="WARNING" enabled_by_default="false">
    <option name="m_includeComments" value="true" />
    <option name="m_ignoreTestCases" value="true" />
    <option name="m_ignoreIgnoreParameter" value="true" />
  </inspection_tool>
  <inspection_tool class="EmptyFinallyBlock" enabled="false" level="WARNING" enabled_by_default="false" />
  <inspection_tool class="EmptyMethod" enabled="false" level="WARNING" enabled_by_default="false" />
  <inspection_tool class="EmptyStatementBody" enabled="false" level="WARNING" enabled_by_default="false">
    <option name="m_reportEmptyBlocks" value="false" />
  </inspection_tool>
  <inspection_tool class="EmptySynchronizedStatement" enabled="true" level="WARNING" enabled_by_default="true" />
  <inspection_tool class="EmptyTryBlock" enabled="false" level="WARNING" enabled_by_default="false" />
  <inspection_tool class="EqualsAndHashcode" enabled="true" level="WARNING" enabled_by_default="true" />
  <inspection_tool class="EqualsUsesNonFinalVariable" enabled="true" level="WARNING" enabled_by_default="true" />
  <inspection_tool class="EqualsWhichDoesntCheckParameterClass" enabled="false" level="WARNING" enabled_by_default="false" />
  <inspection_tool class="ExtendsAnnotation" enabled="false" level="WARNING" enabled_by_default="false" />
  <inspection_tool class="ExtendsObject" enabled="false" level="WARNING" enabled_by_default="false" />
  <inspection_tool class="ExtendsUtilityClass" enabled="true" level="WARNING" enabled_by_default="true" />
  <inspection_tool class="ExternalizableWithSerializationMethods" enabled="true" level="WARNING" enabled_by_default="true" />
  <inspection_tool class="FieldCanBeLocal" enabled="false" level="WARNING" enabled_by_default="false" />
  <inspection_tool class="FieldMayBeStatic" enabled="true" level="WARNING" enabled_by_default="true" />
  <inspection_tool class="FinalMethodInFinalClass" enabled="true" level="WARNING" enabled_by_default="true" />
  <inspection_tool class="FinalizeCallsSuperFinalize" enabled="false" level="WARNING" enabled_by_default="false">
    <option name="ignoreObjectSubclasses" value="false" />
    <option name="ignoreTrivialFinalizers" value="true" />
  </inspection_tool>
  <inspection_tool class="HashCodeUsesNonFinalVariable" enabled="true" level="WARNING" enabled_by_default="true" />
  <inspection_tool class="IgnoreResultOfCall" enabled="false" level="WARNING" enabled_by_default="false">
    <option name="m_reportAllNonLibraryCalls" value="false" />
    <option name="callCheckString" value="java.io.InputStream,read,java.io.InputStream,skip,java.lang.StringBuffer,toString,java.lang.StringBuilder,toString,java.lang.String,.*,java.math.BigInteger,.*,java.math.BigDecimal,.*,java.net.InetAddress,.*" />
  </inspection_tool>
  <inspection_tool class="IncompatibleMask" enabled="false" level="WARNING" enabled_by_default="false" />
  <inspection_tool class="InfiniteLoopStatement" enabled="false" level="WARNING" enabled_by_default="false" />
  <inspection_tool class="InfiniteRecursion" enabled="false" level="WARNING" enabled_by_default="false" />
  <inspection_tool class="InstantiatingObjectToGetClassObject" enabled="false" level="WARNING" enabled_by_default="false" />
  <inspection_tool class="IntLiteralMayBeLongLiteral" enabled="true" level="WARNING" enabled_by_default="true" />
  <inspection_tool class="JSUnresolvedFunction" enabled="false" level="INFO" enabled_by_default="false" />
  <inspection_tool class="JavaDoc" enabled="true" level="WARNING" enabled_by_default="true">
    <option name="TOP_LEVEL_CLASS_OPTIONS">
      <value>
        <option name="ACCESS_JAVADOC_REQUIRED_FOR" value="public" />
        <option name="REQUIRED_TAGS" value="@param" />
      </value>
    </option>
    <option name="INNER_CLASS_OPTIONS">
      <value>
        <option name="ACCESS_JAVADOC_REQUIRED_FOR" value="protected" />
        <option name="REQUIRED_TAGS" value="" />
      </value>
    </option>
    <option name="METHOD_OPTIONS">
      <value>
        <option name="ACCESS_JAVADOC_REQUIRED_FOR" value="protected" />
        <option name="REQUIRED_TAGS" value="@return@param@throws or @exception" />
      </value>
    </option>
    <option name="FIELD_OPTIONS">
      <value>
        <option name="ACCESS_JAVADOC_REQUIRED_FOR" value="protected" />
        <option name="REQUIRED_TAGS" value="" />
      </value>
    </option>
    <option name="IGNORE_DEPRECATED" value="true" />
    <option name="IGNORE_JAVADOC_PERIOD" value="true" />
    <option name="IGNORE_DUPLICATED_THROWS" value="false" />
    <option name="IGNORE_POINT_TO_ITSELF" value="false" />
    <option name="myAdditionalJavadocTags" value="apiviz.exclude,apiviz.landmark" />
  </inspection_tool>
  <inspection_tool class="JavaLangImport" enabled="true" level="WARNING" enabled_by_default="true" />
  <inspection_tool class="JavadocReference" enabled="true" level="WARNING" enabled_by_default="true" />
  <inspection_tool class="LoopStatementsThatDontLoop" enabled="false" level="WARNING" enabled_by_default="false" />
  <inspection_tool class="LossyEncoding" enabled="true" level="WARNING" enabled_by_default="true" />
  <inspection_tool class="MalformedFormatString" enabled="false" level="WARNING" enabled_by_default="false" />
  <inspection_tool class="MalformedRegex" enabled="false" level="WARNING" enabled_by_default="false" />
  <inspection_tool class="MalformedXPath" enabled="false" level="WARNING" enabled_by_default="false" />
  <inspection_tool class="ManualArrayCopy" enabled="false" level="WARNING" enabled_by_default="false" />
  <inspection_tool class="ManualArrayToCollectionCopy" enabled="false" level="WARNING" enabled_by_default="false" />
  <inspection_tool class="MismatchedArrayReadWrite" enabled="false" level="WARNING" enabled_by_default="false" />
  <inspection_tool class="MismatchedCollectionQueryUpdate" enabled="false" level="WARNING" enabled_by_default="false">
    <option name="queries" value="copyInto,drainTo,propertyNames,save,store,write" />
    <option name="updates" value="add,clear,drainTo,insert,load,offer,poll,push,put,remove,replace,retain,set,take" />
  </inspection_tool>
  <inspection_tool class="MissortedModifiers" enabled="true" level="WARNING" enabled_by_default="true">
    <option name="m_requireAnnotationsFirst" value="true" />
  </inspection_tool>
  <inspection_tool class="NonProtectedConstructorInAbstractClass" enabled="true" level="WARNING" enabled_by_default="true">
    <option name="m_ignoreNonPublicClasses" value="false" />
  </inspection_tool>
  <inspection_tool class="NonSerializableWithSerialVersionUIDField" enabled="true" level="WARNING" enabled_by_default="true" />
  <inspection_tool class="NonSerializableWithSerializationMethods" enabled="true" level="WARNING" enabled_by_default="true" />
  <inspection_tool class="NonStaticFinalLogger" enabled="true" level="WARNING" enabled_by_default="true">
    <option name="loggerClassName" value="java.util.logging.Logger" />
  </inspection_tool>
  <inspection_tool class="NotifyCalledOnCondition" enabled="true" level="WARNING" enabled_by_default="true" />
  <inspection_tool class="NullArgumentToVariableArgMethod" enabled="false" level="WARNING" enabled_by_default="false" />
  <inspection_tool class="NullableProblems" enabled="false" level="WARNING" enabled_by_default="false">
    <option name="REPORT_NULLABLE_METHOD_OVERRIDES_NOTNULL" value="true" />
    <option name="REPORT_NOT_ANNOTATED_METHOD_OVERRIDES_NOTNULL" value="true" />
    <option name="REPORT_NOTNULL_PARAMETER_OVERRIDES_NULLABLE" value="true" />
    <option name="REPORT_NOT_ANNOTATED_PARAMETER_OVERRIDES_NOTNULL" value="true" />
    <option name="REPORT_NOT_ANNOTATED_GETTER" value="true" />
    <option name="REPORT_NOT_ANNOTATED_SETTER_PARAMETER" value="true" />
    <option name="REPORT_ANNOTATION_NOT_PROPAGATED_TO_OVERRIDERS" value="true" />
  </inspection_tool>
  <inspection_tool class="ObjectEqualsNull" enabled="false" level="WARNING" enabled_by_default="false" />
  <inspection_tool class="OctalAndDecimalIntegersMixed" enabled="true" level="WARNING" enabled_by_default="true" />
  <inspection_tool class="OnDemandImport" enabled="true" level="SERVER PROBLEM" enabled_by_default="true" />
  <inspection_tool class="PointlessArithmeticExpression" enabled="false" level="WARNING" enabled_by_default="false">
    <option name="m_ignoreExpressionsContainingConstants" value="false" />
  </inspection_tool>
  <inspection_tool class="PointlessBitwiseExpression" enabled="false" level="WARNING" enabled_by_default="false">
    <option name="m_ignoreExpressionsContainingConstants" value="false" />
  </inspection_tool>
  <inspection_tool class="PointlessBooleanExpression" enabled="false" level="WARNING" enabled_by_default="false">
    <option name="m_ignoreExpressionsContainingConstants" value="false" />
  </inspection_tool>
  <inspection_tool class="PrimitiveArrayArgumentToVariableArgMethod" enabled="false" level="WARNING" enabled_by_default="false" />
  <inspection_tool class="PublicConstructorInNonPublicClass" enabled="true" level="WARNING" enabled_by_default="true" />
  <inspection_tool class="RawUseOfParameterizedType" enabled="true" level="WARNING" enabled_by_default="true">
    <option name="ignoreObjectConstruction" value="true" />
    <option name="ignoreTypeCasts" value="false" />
  </inspection_tool>
  <inspection_tool class="ReadObjectAndWriteObjectPrivate" enabled="true" level="WARNING" enabled_by_default="true" />
  <inspection_tool class="RedundantArrayCreation" enabled="false" level="WARNING" enabled_by_default="false" />
  <inspection_tool class="RedundantCast" enabled="false" level="WARNING" enabled_by_default="false" />
  <inspection_tool class="RedundantImport" enabled="true" level="WARNING" enabled_by_default="true" />
  <inspection_tool class="RedundantSuppression" enabled="true" level="WARNING" enabled_by_default="true" />
  <inspection_tool class="RedundantTypeArguments" enabled="false" level="WARNING" enabled_by_default="false" />
  <inspection_tool class="SafeLock" enabled="true" level="WARNING" enabled_by_default="true" />
  <inspection_tool class="SamePackageImport" enabled="true" level="WARNING" enabled_by_default="true" />
  <inspection_tool class="SameParameterValue" enabled="false" level="WARNING" enabled_by_default="false" />
  <inspection_tool class="SameReturnValue" enabled="false" level="WARNING" enabled_by_default="false" />
  <inspection_tool class="SerialPersistentFieldsWithWrongSignature" enabled="true" level="WARNING" enabled_by_default="true" />
  <inspection_tool class="SerialVersionUIDNotStaticFinal" enabled="true" level="WARNING" enabled_by_default="true" />
  <inspection_tool class="SerializableHasSerialVersionUIDField" enabled="true" level="WARNING" enabled_by_default="true">
    <option name="superClassString" value="java.awt.Component" />
  </inspection_tool>
  <inspection_tool class="SerializableInnerClassHasSerialVersionUIDField" enabled="true" level="WARNING" enabled_by_default="true">
    <option name="superClassString" value="java.awt.Component" />
  </inspection_tool>
  <inspection_tool class="SerializableInnerClassWithNonSerializableOuterClass" enabled="true" level="WARNING" enabled_by_default="true">
    <option name="superClassString" value="java.awt.Component" />
  </inspection_tool>
  <inspection_tool class="SerializableWithUnconstructableAncestor" enabled="true" level="WARNING" enabled_by_default="true" />
  <inspection_tool class="ShiftOutOfRange" enabled="false" level="WARNING" enabled_by_default="false" />
  <inspection_tool class="SimpleDateFormatWithoutLocale" enabled="true" level="WARNING" enabled_by_default="true" />
  <inspection_tool class="SimplifiableConditionalExpression" enabled="false" level="WARNING" enabled_by_default="false" />
  <inspection_tool class="SleepWhileHoldingLock" enabled="true" level="WARNING" enabled_by_default="true" />
  <inspection_tool class="StringConcatenationInsideStringBufferAppend" enabled="false" level="WARNING" enabled_by_default="false" />
  <inspection_tool class="StringConstructor" enabled="false" level="WARNING" enabled_by_default="false">
    <option name="ignoreSubstringArguments" value="false" />
  </inspection_tool>
  <inspection_tool class="StringEquality" enabled="false" level="WARNING" enabled_by_default="false" />
  <inspection_tool class="StringToString" enabled="false" level="WARNING" enabled_by_default="false" />
  <inspection_tool class="StringToUpperWithoutLocale" enabled="true" level="WARNING" enabled_by_default="true" />
  <inspection_tool class="SuspiciousMethodCalls" enabled="false" level="WARNING" enabled_by_default="false">
    <option name="REPORT_CONVERTIBLE_METHOD_CALLS" value="true" />
  </inspection_tool>
  <inspection_tool class="SynchronizationOnLocalVariableOrMethodParameter" enabled="false" level="WARNING" enabled_by_default="false">
    <option name="reportLocalVariables" value="true" />
    <option name="reportMethodParameters" value="true" />
  </inspection_tool>
  <inspection_tool class="SynchronizeOnLock" enabled="true" level="WARNING" enabled_by_default="true" />
  <inspection_tool class="SynchronizedOnLiteralObject" enabled="true" level="WARNING" enabled_by_default="true" />
  <inspection_tool class="SystemRunFinalizersOnExit" enabled="true" level="WARNING" enabled_by_default="true" />
  <inspection_tool class="ThisEscapedInConstructor" enabled="true" level="WARNING" enabled_by_default="true" />
  <inspection_tool class="ThreadRun" enabled="true" level="WARNING" enabled_by_default="true" />
  <inspection_tool class="ThreadStartInConstruction" enabled="true" level="WARNING" enabled_by_default="true" />
  <inspection_tool class="ThreadStopSuspendResume" enabled="true" level="WARNING" enabled_by_default="true" />
  <inspection_tool class="ThreadWithDefaultRunMethod" enabled="true" level="WARNING" enabled_by_default="true" />
  <inspection_tool class="ThreadYield" enabled="true" level="WARNING" enabled_by_default="true" />
  <inspection_tool class="ThrowableInstanceNeverThrown" enabled="false" level="WARNING" enabled_by_default="false" />
  <inspection_tool class="ThrowableResultOfMethodCallIgnored" enabled="false" level="WARNING" enabled_by_default="false" />
  <inspection_tool class="TransientFieldInNonSerializableClass" enabled="true" level="WARNING" enabled_by_default="true" />
  <inspection_tool class="TrivialIf" enabled="false" level="WARNING" enabled_by_default="false" />
  <inspection_tool class="TypeParameterExtendsObject" enabled="false" level="WARNING" enabled_by_default="false" />
  <inspection_tool class="UnnecessaryBoxing" enabled="false" level="WARNING" enabled_by_default="false" />
  <inspection_tool class="UnnecessaryConditionalExpression" enabled="false" level="WARNING" enabled_by_default="false" />
  <inspection_tool class="UnnecessaryContinue" enabled="false" level="WARNING" enabled_by_default="false" />
  <inspection_tool class="UnnecessaryInterfaceModifier" enabled="true" level="WARNING" enabled_by_default="true" />
  <inspection_tool class="UnnecessaryLabelOnBreakStatement" enabled="false" level="WARNING" enabled_by_default="false" />
  <inspection_tool class="UnnecessaryLabelOnContinueStatement" enabled="false" level="WARNING" enabled_by_default="false" />
  <inspection_tool class="UnnecessaryLocalVariable" enabled="false" level="WARNING" enabled_by_default="false">
    <option name="m_ignoreImmediatelyReturnedVariables" value="false" />
    <option name="m_ignoreAnnotatedVariables" value="false" />
  </inspection_tool>
  <inspection_tool class="UnnecessaryReturn" enabled="false" level="WARNING" enabled_by_default="false" />
  <inspection_tool class="UnnecessarySemicolon" enabled="false" level="WARNING" enabled_by_default="false" />
  <inspection_tool class="UnnecessarySuperConstructor" enabled="true" level="WARNING" enabled_by_default="true" />
  <inspection_tool class="UnnecessaryTemporaryOnConversionFromString" enabled="false" level="WARNING" enabled_by_default="false" />
  <inspection_tool class="UnnecessaryTemporaryOnConversionToString" enabled="false" level="WARNING" enabled_by_default="false" />
  <inspection_tool class="UnnecessaryThis" enabled="true" level="WARNING" enabled_by_default="true" />
  <inspection_tool class="UnnecessaryUnboxing" enabled="false" level="WARNING" enabled_by_default="false" />
  <inspection_tool class="UnresolvedPropertyKey" enabled="false" level="ERROR" enabled_by_default="false" />
  <inspection_tool class="UnusedAssignment" enabled="false" level="WARNING" enabled_by_default="false">
    <option name="REPORT_PREFIX_EXPRESSIONS" value="false" />
    <option name="REPORT_POSTFIX_EXPRESSIONS" value="true" />
    <option name="REPORT_REDUNDANT_INITIALIZER" value="true" />
  </inspection_tool>
  <inspection_tool class="UnusedDeclaration" enabled="false" level="WARNING" enabled_by_default="false">
    <option name="ADD_MAINS_TO_ENTRIES" value="true" />
    <option name="ADD_APPLET_TO_ENTRIES" value="true" />
    <option name="ADD_SERVLET_TO_ENTRIES" value="true" />
    <option name="ADD_NONJAVA_TO_ENTRIES" value="true" />
  </inspection_tool>
  <inspection_tool class="UnusedImport" enabled="true" level="WARNING" enabled_by_default="true" />
  <inspection_tool class="UnusedLabel" enabled="false" level="WARNING" enabled_by_default="false" />
  <inspection_tool class="UnusedMessageFormatParameter" enabled="false" level="WARNING" enabled_by_default="false" />
  <inspection_tool class="UnusedParameters" enabled="false" level="WARNING" enabled_by_default="false" />
  <inspection_tool class="UnusedReturnValue" enabled="false" level="WARNING" enabled_by_default="false" />
  <inspection_tool class="UtilityClassWithPublicConstructor" enabled="true" level="WARNING" enabled_by_default="true" />
  <inspection_tool class="UtilityClassWithoutPrivateConstructor" enabled="true" level="WARNING" enabled_by_default="true">
    <option name="ignoreClassesWithOnlyMain" value="false" />
  </inspection_tool>
  <inspection_tool class="VolatileLongOrDoubleField" enabled="true" level="WARNING" enabled_by_default="true" />
  <inspection_tool class="WaitCalledOnCondition" enabled="true" level="WARNING" enabled_by_default="true" />
  <inspection_tool class="WeakerAccess" enabled="false" level="WARNING" enabled_by_default="false">
    <option name="SUGGEST_PACKAGE_LOCAL_FOR_MEMBERS" value="true" />
    <option name="SUGGEST_PACKAGE_LOCAL_FOR_TOP_CLASSES" value="true" />
    <option name="SUGGEST_PRIVATE_FOR_INNERS" value="false" />
  </inspection_tool>
  <inspection_tool class="WhileLoopSpinsOnField" enabled="true" level="WARNING" enabled_by_default="true">
    <option name="ignoreNonEmtpyLoops" value="false" />
  </inspection_tool>
  <inspection_tool class="ZeroLengthArrayInitialization" enabled="true" level="WARNING" enabled_by_default="true" />
  <inspection_tool class="osmorcClassInDefaultPackage" enabled="false" level="ERROR" enabled_by_default="false" />
  <inspection_tool class="osmorcMissingFinalNewline" enabled="false" level="ERROR" enabled_by_default="false" />
  <inspection_tool class="osmorcMisspelledHeaderName" enabled="false" level="WARNING" enabled_by_default="false" />
  <inspection_tool class="osmorcNonOsgiMavenDependency" enabled="false" level="WARNING" enabled_by_default="false" />
  <inspection_tool class="osmorcUnregisteredActivator" enabled="false" level="ERROR" enabled_by_default="false" />
</inspections>

