<assembly>
  <id>sources</id>
  <formats>
    <format>jar</format>
  </formats>
  <includeBaseDirectory>false</includeBaseDirectory>
  <fileSets>
    <!-- filesets are in reverse order in sense of inheritance, because assembly plugin never overwrites already added file. -->
    <fileSet>
      <directory>${basedir}/../picketlink-tomcat7/src/main/java</directory>
      <outputDirectory>/</outputDirectory>
    </fileSet>
    <fileSet>
      <directory>${basedir}/../picketlink-tomcat-common/src/main/java</directory>
      <outputDirectory>/</outputDirectory>
    </fileSet>
    <fileSet>
      <directory>${basedir}/../../picketlink-core/src/main/java</directory>
      <outputDirectory>/</outputDirectory>
    </fileSet>
  </fileSets>

</assembly>
